source,text,time,Anger,Fear,Joy,Sadness,Analytical,Confident,Tentative,username
,NASAâs Hubble space telescope suffers camera glitch - Fox News,2019-03-05T16:54:24Z,0.0,0.0,0.0,0.686982,0.0,0.0,0.0,Fox News
,"NASA asteroid tracker: 650ft asteroid hurtling for 'Earth approach' at 16,000MPH THIS WEEK - Express.co.uk",2019-03-05T15:58:00Z,0.0,0.0,0.0,0.0,0.5384479999999999,0.0,0.0,Express.co.uk
,Hayabusa-2: Movie shows moment of asteroid landing - BBC News,2019-03-05T15:10:05Z,0.0,0.0,0.0,0.522655,0.0,0.0,0.0,Bbc.com
,"Astronomers detect deep, long asymmetric occultation in a newly found low-mass star - Phys.org",2019-03-05T14:12:35Z,0.0,0.0,0.0,0.0,0.762356,0.0,0.0,Phys.org
,First Ever Skull Fragments of Denisovans Have Been Confirmed Found in Russia - Ancient Origins,2019-03-05T13:52:00Z,0.0,0.0,0.0,0.0,0.93884,0.0,0.0,Ancient-origins.net
,The random anti-laser - Phys.org,2019-03-05T12:59:08Z,0.0,0.0,0.0,0.0,0.0,0.0,0.968123,Phys.org
,What Voyager 1 Learned at Jupiter 40 Years Ago - Space.com,2019-03-05T11:57:00Z,0.0,0.0,0.0,0.0,0.653099,0.0,0.0,Space.com
,New 'Celestial Buddies' Earth Plush Is Even Cooler than SpaceX's 'Zero-G Indicator' - Space.com,2019-03-05T11:40:00Z,0.0,0.0,0.7190850000000001,0.0,0.560098,0.0,0.6816989999999999,Space.com
,China builds a 'Martian base' in its desert to recreate the harsh conditions on the red planet - Daily Mail,2019-03-05T10:47:00Z,0.0,0.0,0.0,0.0,0.0,0.0,0.0,Daily Mail
,Heat Waves As Deadly As Forest Fires Sweep Through World's Oceans - CleanTechnica,2019-03-05T10:01:41Z,0.0,0.0,0.0,0.0,0.0,0.0,0.0,Cleantechnica.com
,"On Dakarâs Streets, Working Out Is a Way of Life. Pollution Is Spoiling the Rush. - The New York Times",2019-03-05T10:00:11Z,0.0,0.0,0.0,0.0,0.0,0.0,0.0,The New York Times
,Biologists experimentally trigger adaptive radiation - Phys.org,2019-03-05T08:48:39Z,0.0,0.0,0.0,0.0,0.8018270000000001,0.0,0.0,Phys.org
,When Plasma Becomes Another Fruit of the Vine - The New York Times,2019-03-05T07:30:08Z,0.0,0.0,0.0,0.0,0.0,0.0,0.0,The New York Times
,Scientists Discover an Ancient 'Superhighway' at The Bottom of The Ocean - ScienceAlert,2019-03-05T05:57:17Z,0.0,0.0,0.744668,0.0,0.842108,0.0,0.0,Sciencealert.com
,Why So Many Planets Outside Our Solar System Have An Odd Configuration - SciTechDaily,2019-03-05T02:43:44Z,0.0,0.0,0.0,0.0,0.0,0.0,0.0,Scitechdaily.com
,Commercial crew's time approaches - The Space Review,2019-03-05T01:22:43Z,0.0,0.0,0.0,0.0,0.0,0.0,0.0,Thespacereview.com
,The Hubble Space Telescope Has a New Camera Glitch - Space.com,2019-03-04T23:28:00Z,0.0,0.0,0.5009600000000001,0.0,0.0,0.0,0.0,Space.com
,"Military sonar disturbs blue whalesâ feeding, research reveals - The Independent",2019-03-04T23:05:00Z,0.0,0.0,0.0,0.0,0.687768,0.0,0.0,Independent
,Ultracold atoms could provide 2-D window to exotic 1-D physics - Phys.org,2019-03-04T21:21:52Z,0.0,0.0,0.0,0.0,0.0,0.0,0.75152,Phys.org
,"The force is with us, always? Tuning quantum vacuum forces from attractive to repulsive - Phys.org",2019-03-04T21:19:07Z,0.0,0.0,0.0,0.0,0.908592,0.9526629999999999,0.0,Phys.org
,How to catch a magnetic monopole in the act - Phys.org,2019-03-04T20:47:59Z,0.0,0.0,0.0,0.0,0.0,0.0,0.0,Phys.org
,"Ocean heat waves are killing underwater life, threatening biodiversity - National Geographic",2019-03-04T20:32:59Z,0.0,0.503282,0.0,0.0,0.0,0.0,0.0,National Geographic
,"Scientists track deep history of planets' motions, and effects on Earth's climate - Phys.org",2019-03-04T20:00:14Z,0.0,0.0,0.5991310000000001,0.0,0.8018270000000001,0.0,0.0,Phys.org
,"Injectable Nanoparticles Give Mice Infrared Vision | Biology, Nanotechnologies - Sci-News.com",2019-03-04T19:51:50Z,0.0,0.0,0.0,0.0,0.0,0.0,0.0,Sci-news.com
,NASA Captures Stunning Images of âNuclear Superbubblesâ in an Alien Galaxy - Motherboard,2019-03-04T19:39:02Z,0.0,0.0,0.0,0.0,0.0,0.0,0.0,Vice News
,Yellowstone volcano SHOCK: Magma chamber scans REVEAL 'networkâ of magma under Yellowstone - Express.co.uk,2019-03-04T19:32:00Z,0.0,0.0,0.0,0.0,0.532616,0.0,0.0,Express.co.uk
,Peer-review experiments tracked in online repository - Nature.com,2019-03-04T19:27:34Z,0.0,0.0,0.596858,0.0,0.0,0.0,0.0,Nature.com
,China is going to Mars with a new rover next year - BGR,2019-03-04T19:23:00Z,0.0,0.0,0.0,0.0,0.0,0.0,0.0,Bgr.com
,Hunting for Martians in the Most Extreme Desert on Earth - HowStuffWorks,2019-03-04T19:00:04Z,0.0,0.0,0.0,0.0,0.0,0.0,0.0,Howstuffworks.com
,Failed Soviet Venus lander to crash-land on Earth instead - CNET,2019-03-04T18:41:35Z,0.0,0.0,0.0,0.7686149999999999,0.0,0.0,0.0,Cnet.com
,Tyrannosaurus Rex: The Once and Future King - The New York Times,2019-03-04T17:44:22Z,0.0,0.0,0.0,0.0,0.0,0.0,0.0,The New York Times
,Mystery of green icebergs may soon be solved - Phys.org,2019-03-04T17:34:14Z,0.0,0.0,0.0,0.0,0.687768,0.0,0.9289360000000001,Phys.org
,Researchers use machine learning to more quickly analyze key capacitor materials - Phys.org,2019-03-04T17:21:34Z,0.0,0.0,0.0,0.0,0.916118,0.0,0.0,Phys.org
,Chirality yields colossal photocurrent - Phys.org,2019-03-04T17:19:21Z,0.0,0.0,0.0,0.0,0.842108,0.0,0.0,Phys.org
,NCSU researchers create 'biocement' that could cut risk of coal ash spills - WRAL Tech Wire,2019-03-04T16:34:57Z,0.0,0.0,0.0,0.665068,0.0,0.0,0.647986,Wraltechwire.com
,"Up to 1,700 bird and animal species face extinction over the next 50 years due to human activity - Daily Mail",2019-03-04T16:02:00Z,0.0,0.0,0.0,0.0,0.713028,0.0,0.0,Daily Mail
,Right electrolyte doubles novel two-dimensional material's ability to store energy - Phys.org,2019-03-04T16:00:48Z,0.0,0.0,0.679971,0.0,0.0,0.0,0.0,Phys.org
,Quasiparticles experimentally shown to interfere for first time - Phys.org,2019-03-04T16:00:25Z,0.0,0.0,0.0,0.0,0.0,0.0,0.0,Phys.org
,Corn and other important crops can now be gene edited by pollen carrying CRISPR - Science Magazine,2019-03-04T15:51:20Z,0.0,0.0,0.0,0.0,0.0,0.0,0.0,Sciencemag.org
,Researchers find potential new source of rare earth elements - Phys.org,2019-03-04T14:38:59Z,0.0,0.0,0.623429,0.0,0.653099,0.0,0.0,Phys.org
,Engineers develop fast method to convert algae to biocrude - Phys.org,2019-03-04T14:37:04Z,0.0,0.0,0.0,0.0,0.0,0.0,0.0,Phys.org
,Swimming microbes steer themselves into mathematical order - Phys.org,2019-03-04T14:36:27Z,0.0,0.0,0.0,0.0,0.0,0.0,0.0,Phys.org
,The speedy secrets of mako sharks -- 'cheetahs of the ocean' - EurekAlert,2019-03-04T13:02:14Z,0.0,0.0,0.675779,0.0,0.0,0.0,0.0,Eurekalert.org
,Neutrinos Entangled in the Cosmic Web May Change the Structure of the Universe - Live Science,2019-03-04T12:08:00Z,0.0,0.0,0.674525,0.0,0.0,0.0,0.647986,Livescience.com
,500 Million-Year-Old Worm Superhighway Revealed in Ancient Seafloor - Live Science,2019-03-04T12:02:00Z,0.0,0.0,0.0,0.0,0.0,0.0,0.0,Livescience.com
,China's solar power plant could beat US's Green New Deal - Fast Company,2019-03-04T11:34:00Z,0.0,0.0,0.704327,0.0,0.0,0.0,0.75152,Fastcompany.com
,SpaceX Notches Next Step in Race With Boeing to Crewed Flights - IndustryWeek,2019-03-04T11:22:20Z,0.0,0.0,0.0,0.0,0.0,0.0,0.0,Industryweek.com
,Planet 9 hypothesis gets a boost | Space - EarthSky,2019-03-04T11:15:00Z,0.0,0.0,0.607574,0.0,0.0,0.0,0.615352,Earthsky.org
,How did reading and writing evolve? Neuroscience gives a clue - The Conversation - UK,2019-03-04T09:53:00Z,0.0,0.0,0.0,0.0,0.0,0.0,0.0,Theconversation.com
,"SpaceX Launch Succesful, Crew Dragon Capsule Docks With Space Station - Investor's Business Daily",2019-03-04T06:33:05Z,0.0,0.0,0.0,0.0,0.589295,0.0,0.0,Investors.com
,This Breathtaking Close-Up of Jupiter's Swirling Skies Looks Like a Painting - ScienceAlert,2019-03-04T06:28:53Z,0.0,0.0,0.604799,0.0,0.0,0.0,0.0,Sciencealert.com
,"ISS Astronauts Meet SpaceX Ship Crew After Historic Docking (PHOTO, VIDEO) - Sputnik International",2019-03-04T03:07:00Z,0.0,0.0,0.5904010000000001,0.0,0.0,0.0,0.0,Sputniknews.com
,'Grandfather' of climate science Wallace Smith Broecker gave one last warning before death - New York Daily News,2019-03-04T01:50:00Z,0.0,0.0,0.0,0.539235,0.0,0.0,0.0,Nydailynews.com
,"Endangered fruit bats âbeing driven to extinctionâ in Mauritius after mass culls kill 50,000 - The Independent",2019-03-04T00:31:00Z,0.0,0.0,0.0,0.0,0.586987,0.0,0.0,Independent
,Russian Military Mulls Angara-A5 Heavy Rocket for Satellite Launches - Source - Sputnik International,2019-03-04T00:09:00Z,0.0,0.0,0.0,0.0,0.620279,0.0,0.0,Sputniknews.com
,"Ninja-like black hole discovered gobbling up a gas cloud 25,000 light-years away - Digital Trends",2019-03-03T20:57:19Z,0.0,0.0,0.0,0.0,0.8152,0.0,0.0,Digitaltrends.com
,Ability to twist like magic may make spider silk the robotic muscle of the future - Digital Trends,2019-03-03T19:25:49Z,0.0,0.0,0.63349,0.0,0.0,0.0,0.775166,Digitaltrends.com
,Apollo 9: 'A Hell of a Ride' - NASA,2019-03-03T19:23:36Z,0.6633180000000001,0.0,0.0,0.0,0.0,0.0,0.0,Youtube.com
,A Swimmer Saved by What She Lost - The New York Times,2019-03-03T18:33:45Z,0.0,0.0,0.0,0.739367,0.0,0.0,0.0,The New York Times
,Did there used to be liquid water on Mars? New images give clues - Digital Trends,2019-03-03T18:26:21Z,0.0,0.0,0.0,0.0,0.0,0.0,0.0,Digitaltrends.com
,Beresheet shuttle completes another maneuver on way to moon - The Jerusalem Post,2019-03-03T03:07:45Z,0.0,0.0,0.522856,0.0,0.0,0.543112,0.0,The Jerusalem Post
,Can the Falcons afford Justin Houston? - The Falcoholic,2019-03-05T17:00:00Z,0.0,0.0,0.0,0.0,0.0,0.0,0.0,Thefalcoholic.com
,"LeBron and the Lakers are officially done, front office changes to come - Stephen A. | First Take - ESPN",2019-03-05T16:45:00Z,0.0,0.0,0.0,0.0,0.0,0.0,0.0,Youtube.com
,"Kellen Winslow in jail again, for lewd conduct - Yahoo Sports",2019-03-05T16:41:00Z,0.0,0.0,0.0,0.0,0.687768,0.0,0.0,Yahoo.com
,Trestman hired as coach of Tampa Bay XFL team - ESPN,2019-03-05T16:30:07Z,0.0,0.0,0.0,0.0,0.0,0.0,0.0,Espn.com
,4-round mock draft simulation: New York Giants select Montez Sweat No. 6 - Big Blue View,2019-03-05T16:10:18Z,0.0,0.0,0.0,0.0,0.0,0.0,0.0,Bigblueview.com
,The Unstoppable Bucks Lost Again To The Extremely Stoppable Suns - Deadspin,2019-03-05T16:03:00Z,0.0,0.0,0.0,0.5941350000000001,0.0,0.579436,0.0,Deadspin.com
,Jon Jones thankful 'real warrior' Anthony Smith didn't take easy way out with DQ at UFC 235 - MMAjunkie,2019-03-05T16:00:00Z,0.0,0.0,0.777357,0.0,0.0,0.0,0.0,Mmajunkie.com
,"Former Minneapolis North star Khalid El-Amin detained, released for delinquent child support - KSTP",2019-03-05T15:52:12Z,0.0,0.0,0.0,0.0,0.0,0.0,0.0,Kstp.com
,Mets hire Jessica Mendoza in front office role - Yardbarker,2019-03-05T15:46:19Z,0.0,0.0,0.0,0.0,0.0,0.0,0.0,Yardbarker.com
,NFL free agency 2019: Where will Golden Tate play next season? Six potential landing spots - CBS Sports,2019-03-05T15:27:00Z,0.0,0.0,0.0,0.0,0.0,0.0,0.0,Cbssports.com
,Yankees' Sabathia to serve as ESPN analyst - ESPN,2019-03-05T15:24:37Z,0.0,0.0,0.0,0.0,0.9310379999999999,0.0,0.0,Espn.com
,"Patrick Beverley is over LeBron James and the Lakers, says Clippers are - Yahoo Sports",2019-03-05T15:05:00Z,0.0,0.0,0.0,0.0,0.0,0.0,0.0,Yahoo.com
,Will Smithâs Casting as Venus and Serena Williamsâ Father Sparks Colorism Backlash - IndieWire,2019-03-05T15:04:04Z,0.0,0.0,0.0,0.0,0.0,0.0,0.0,Indiewire.com
,2019 Arnold Palmer Invitational odds: Surprising picks from proven model that nailed four golf majors - CBS Sports,2019-03-05T14:58:00Z,0.0,0.0,0.0,0.0,0.5384479999999999,0.0,0.0,Cbssports.com
,Report: Bears To Release OLB Sam Acho - 670 The Score,2019-03-05T14:53:28Z,0.0,0.0,0.0,0.0,0.0,0.704642,0.0,Radio.com
,"Being an NBA star isn't difficult, it's fantastic! - Jalen Rose to Kyrie Irving | Get Up! - ESPN",2019-03-05T14:36:14Z,0.0,0.0,0.802424,0.0,0.0,0.0,0.0,Youtube.com
,2019 NFL Mock Draft: Matt Miller's Post-Combine Predictions - Bleacher Report,2019-03-05T14:06:15Z,0.0,0.0,0.0,0.0,0.0,0.618451,0.0,Bleacher Report
,Joe Rogan: Roadblock to Conor McGregor vs Donald Cerrone is UFC wanting it to be co-main event - Bloody Elbow,2019-03-05T14:05:00Z,0.0,0.0,0.0,0.501722,0.0,0.0,0.0,Bloodyelbow.com
,Mardi Gras: The most fun you'll have with a history lesson - CNN,2019-03-05T13:42:10Z,0.0,0.0,0.806481,0.0,0.620279,0.0,0.0,CNN
,"2019 NFL Mock Draft: Cardinals trade Josh Rosen to Redskins and take Kyler Murray, Giants grab falling QB - CBS Sports",2019-03-05T13:34:00Z,0.0,0.0,0.0,0.0,0.0,0.0,0.0,Cbssports.com
,2019 NFL Draft receiver D.K. Metcalf has a crazy body fat percentage: Fact or Fiction? - Buffalo Rumblings,2019-03-05T13:30:00Z,0.0,0.0,0.0,0.0,0.7479939999999999,0.0,0.0,Buffalorumblings.com
,Duke Johnson reportedly drawing trade interest - NFL.com,2019-03-05T13:02:00Z,0.0,0.0,0.0,0.0,0.0,0.0,0.0,NFL News
,Morning Report: Colby Covington details what happened in Las Vegas scuffle with Kamaru Usman - MMA Fighting,2019-03-05T13:00:00Z,0.0,0.0,0.0,0.0,0.0,0.0,0.0,Mmafighting.com
,"De Jong: ""BarÃ§a have asked me to ensure Ajax eliminate Madrid"" - AS English",2019-03-05T12:16:22Z,0.0,0.0,0.0,0.525696,0.0,0.0,0.0,As.com
,Would Moving the Mound Back Be Baseball's Worst Rule Experiment? - Bleacher Report,2019-03-05T12:00:07Z,0.509134,0.0,0.0,0.0,0.762356,0.6011529999999999,0.0,Bleacher Report
,Syracuse basketball loses to Virginia 79-53: Brent Axe recap - syracuse.com,2019-03-05T11:46:00Z,0.0,0.0,0.0,0.5525760000000001,0.0,0.0,0.0,Syracuse.com
,Phillies plan for Bryce Harper must include Mike Trout - Sports Radio 94 WIP,2019-03-05T10:30:00Z,0.0,0.0,0.0,0.0,0.0,0.509368,0.0,Radio.com
,"President Trump Again Serves Fast Food to College Football Champs, Now to North Dakota State University - Newsweek",2019-03-05T07:10:02Z,0.0,0.0,0.0,0.0,0.0,0.0,0.0,Newsweek
,Quin Snyder shoulders blame for final Jazz possession in loss to Pelicans: 'I should have called timeout' - Deseret News,2019-03-05T06:09:00Z,0.0,0.0,0.0,0.805761,0.0,0.0,0.0,Deseretnews.com
,Carlisle after ugly 39-point loss: 'Got to do better' - ESPN,2019-03-05T05:59:30Z,0.0,0.0,0.0,0.8671760000000001,0.0,0.0,0.0,Espn.com
,03/04/19 Condensed Game: Maple Leafs @ Flames - NHL,2019-03-05T05:45:59Z,0.0,0.0,0.0,0.0,0.0,0.0,0.0,Youtube.com
,"Mike Harrington: As frustration wanes for McDavid, it just keeps growing for Sabres - Buffalo News",2019-03-05T03:50:10Z,0.0,0.0,0.0,0.0,0.0,0.0,0.647986,Buffalonews.com
,Dwyane Wade Exchanges Jersey With Kevin Huerter Who Wore Number 3 Growing Up Because Of Wade - Bleacher Report,2019-03-05T03:18:22Z,0.0,0.0,0.0,0.0,0.8555719999999999,0.0,0.0,Youtube.com
,Kawakami: Farhan Zaidi is the Giants' best and most natural... - The Athletic,2019-03-05T03:10:39Z,0.0,0.0,0.723599,0.0,0.0,0.0,0.0,Theathletic.com
,"Dwyane Wade passes Michael Jordan for blocks milestone, hits clutch bucket in win over Hawks - Yahoo Sports",2019-03-05T01:57:00Z,0.0,0.0,0.0,0.0,0.0,0.0,0.0,Yahoo.com
,Thompson: The Warriors know Andrew Bogut very well and they... - The Athletic,2019-03-05T01:50:15Z,0.0,0.0,0.0,0.0,0.620279,0.8002600000000001,0.0,Theathletic.com
,"UFC 235 medical suspensions: Doctor must clear Mickey Gall to train again, let alone fight - MMAjunkie",2019-03-05T01:15:00Z,0.0,0.0,0.0,0.0,0.0,0.833309,0.0,Mmajunkie.com
,"The idea of making NFL Network a ""33rd team"" for the combine is interesting - Awful Announcing",2019-03-05T00:54:00Z,0.0,0.0,0.0,0.0,0.762356,0.0,0.0,Awfulannouncing.com
,Nick Starkel commits to Arkansas - 247Sports,2019-03-05T00:10:26Z,0.0,0.0,0.0,0.0,0.0,0.8002600000000001,0.0,247sports.com
,Lakers Free Agent Rumors: L.A. considering adding another center - Silver Screen and Roll ,2019-03-05T00:05:23Z,0.0,0.0,0.0,0.0,0.560098,0.0,0.0,Silverscreenandroll.com
,John Clayton breaks down Seahawksâ decision to franchise Frank Clark - MyNorthwest.com,2019-03-05T00:03:34Z,0.0,0.0,0.0,0.0,0.620279,0.0,0.0,Mynorthwest.com
,"New England Patriots roster moves: Tight end Dwayne Allen, wide receiver Darren Andrews officially released - WEEI",2019-03-04T22:59:19Z,0.0,0.0,0.0,0.0,0.506763,0.0,0.0,Radio.com
,Latest on Embiid and two players that have stepped up with him out - NBCSports.com,2019-03-04T22:57:48Z,0.0,0.0,0.0,0.0,0.0,0.0,0.0,Nbcsports.com
,"College basketball rankings: Top 25, Power 36 two weeks from Selection Sunday - NCAA March Madness",2019-03-04T22:56:46Z,0.0,0.0,0.583361,0.0,0.0,0.0,0.0,Youtube.com
,Snoop Dogg Lakers Rant: Snoop Is Not Impressed with This Season - LA Magazine,2019-03-04T22:45:29Z,0.0,0.0,0.0,0.0,0.0,0.0,0.0,Lamag.com
,Bracketology Bubble Watch: Texas and TCU have important games plus conference tournament games begin - CBS Sports,2019-03-04T22:35:00Z,0.0,0.0,0.6844899999999999,0.0,0.0,0.0,0.0,Cbssports.com
,"Reggie Miller Calls Out ""Soft and Sensitive"" NBA Following Trae Young Ejection - HotNewHipHop",2019-03-04T20:41:00Z,0.0,0.0,0.0,0.0,0.0,0.0,0.0,Hotnewhiphop.com
,Detroit Red Wings greats on what made Ted Lindsay memorable across decades - Detroit Free Press,2019-03-04T20:20:00Z,0.0,0.0,0.726741,0.0,0.532616,0.0,0.0,Freep.com
,Lakers Interview: Luke Walton on If the Lakers Are Better After The Zubac Trade w/ the Clippers - Lakers Nation,2019-03-04T20:09:06Z,0.0,0.0,0.546258,0.0,0.0,0.0,0.0,Youtube.com
,Clayton Kershaw may miss Opening Day start - True Blue LA,2019-03-04T20:06:05Z,0.0,0.0,0.0,0.6118140000000001,0.0,0.0,0.0,Truebluela.com
,New York Knicks: A Kingâs Landing in Sacramento - FanSided,2019-03-04T20:00:00Z,0.0,0.0,0.0,0.0,0.0,0.0,0.0,Dailyknicks.com
,"Raiders make most sense for Antonio Brown, Peter King says - NBCSports.com",2019-03-04T19:25:12Z,0.0,0.0,0.5105149999999999,0.0,0.0,0.0,0.0,Nbcsports.com
,No indication Giants will cut or restructure contract of Janoris Jenkins - SNY.tv,2019-03-04T19:12:00Z,0.0,0.0,0.0,0.0,0.8219129999999999,0.0,0.7163010000000001,Www.sny.tv
,"Ignas Brazdeikis On Maryland Fans, ""My Girls The Baddest Tho So I Stay Winning,"" See Her Photos - 97.1 The Ticket",2019-03-04T19:09:16Z,0.0,0.0,0.651287,0.0,0.0,0.0,0.0,Radio.com
,Houston Texans place franchise tag on Jadeveon Clowney - KTRK-TV,2019-03-04T19:07:58Z,0.0,0.0,0.0,0.0,0.0,0.0,0.0,Abc13.com
,Keith Mitchell's winning highlights from Honda 2019 - PGA TOUR,2019-03-04T18:47:29Z,0.0,0.0,0.638922,0.0,0.0,0.0,0.0,Youtube.com
,NFL Draft: 5 defensive tackle prospects who could help the Falcons - AtlantaFalcons.com,2019-03-04T18:04:26Z,0.0,0.0,0.0,0.0,0.0,0.0,0.7163010000000001,Atlantafalcons.com
,Why Jim Delany retiring is a good thing for college football - Yahoo Sports,2019-03-04T18:00:00Z,0.0,0.0,0.683724,0.0,0.0,0.0,0.0,Yahoo.com
,College basketball rankings: Zags still the No. 1 team in the nation - The Slipper Still Fits,2019-03-04T17:39:12Z,0.0,0.0,0.0,0.0,0.0,0.0,0.0,Slipperstillfits.com
,Alex Cora zeroes in on Dustin Pedroia's debut - WEEI,2019-03-04T17:10:59Z,0.0,0.0,0.0,0.0,0.0,0.0,0.0,Radio.com
,Watch Kyrie Irving's full press conference after the Celtics lost to the Rockets - Boston.com,2019-03-04T16:34:48Z,0.0,0.0,0.0,0.50769,0.0,0.0,0.0,Boston.com
,It's not a surprise so many teams are reportedly interested in trading for Antonio Brown - Behind the Steel Curtain,2019-03-04T13:57:00Z,0.0,0.0,0.0,0.0,0.0,0.0,0.0,Behindthesteelcurtain.com
,"Bryce Harper joke: Colin Jost slams Philly, to appear on WWE Raw - Sports Illustrated",2019-03-04T13:42:33Z,0.0,0.0,0.0,0.0,0.6147600000000001,0.0,0.6816989999999999,Si.com
,MVP? Champion? Captain? Expectations sky-high for Aaron Judge in Year 3 - ESPN,2019-03-04T13:31:44Z,0.0,0.0,0.0,0.0,0.845282,0.0,0.0,Espn.com
,Brad Stevens needs to change his rotation - WEEI,2019-03-04T11:27:30Z,0.0,0.0,0.0,0.0,0.0,0.0,0.0,Radio.com
,Dallas Cowboys and David Irving Appear To Part Ways For Good - Dallas Observer,2019-03-04T10:00:00Z,0.0,0.0,0.6747479999999999,0.0,0.0,0.0,0.7163010000000001,Dallasobserver.com
,Ole Gunnar Solskjaer heads to Paris weakened in number â but high in confidence - FourFourTwo,2019-03-04T09:03:41Z,0.0,0.0,0.555846,0.0,0.0,0.751512,0.0,FourFourTwo
,Victory Lane: Joey Logano celebrates Vegas win - NASCAR,2019-03-04T00:26:17Z,0.0,0.0,0.745965,0.0,0.0,0.0,0.0,Youtube.com
,Tigers Seeded Seventh in ACC Tournament â Clemson Tigers Official Athletics Site - clemsontigers.com,2019-03-03T23:21:36Z,0.0,0.0,0.0,0.0,0.0,0.0,0.0,Clemsontigers.com
,Linebackers Run the 40-Yard Dash | 2019 NFL Scouting Combine Highlights - NFL,2019-03-03T19:48:55Z,0.0,0.0,0.0,0.0,0.0,0.0,0.0,Youtube.com
,Captain Marvel review: A soaring tale of self-discovery with a '90s riff - CNET,2019-03-05T17:46:00Z,0.0,0.0,0.0,0.0,0.0,0.0,0.0,Cnet.com
,GAME OF THRONES Season 8 Official Trailer #2 (2019) HBO Series HD - JoBlo Movie Trailers,2019-03-05T16:28:50Z,0.0,0.0,0.0,0.0,0.0,0.0,0.0,Youtube.com
,"The National announce new album, I Am Easy to Find, and Mike Mills-directed film - Consequence of Sound",2019-03-05T16:27:00Z,0.0,0.0,0.772436,0.0,0.8555719999999999,0.0,0.0,Consequenceofsound.net
,Willie Nelson Announces Outlaw Music Festival Summer Tour 2019 - JamBase,2019-03-05T16:15:00Z,0.0,0.0,0.719666,0.0,0.0,0.0,0.0,Jambase.com
,Corey Feldman defends Michael Jackson - CNN,2019-03-05T16:05:00Z,0.0,0.0,0.0,0.0,0.0,0.0,0.0,CNN
,Feminist Frequency returns with gaming YouTube series Queer Tropes - Polygon,2019-03-05T16:00:00Z,0.0,0.0,0.0,0.0,0.0,0.0,0.0,Polygon
,'School of Rock' Kid Arrested Four Times for Stealing Guitars - Loudwire,2019-03-05T15:54:42Z,0.511735,0.0,0.0,0.0,0.0,0.0,0.0,Youtube.com
,Jersey Shore's Sammi ''Sweetheart'' Giancola Is Engaged - E! NEWS,2019-03-05T15:42:00Z,0.0,0.0,0.0,0.0,0.0,0.0,0.0,Eonline.com
,Are the Jonas Brothers Going on Tour in 2019? - The Cheat Sheet,2019-03-05T15:34:58Z,0.0,0.0,0.0,0.559701,0.0,0.0,0.0,Cheatsheet.com
,Wrestling star King Kong Bundy dies at 61 - CNN,2019-03-05T15:30:00Z,0.0,0.0,0.0,0.745541,0.0,0.0,0.0,CNN
,Mac DeMarco insists similarities to Mitski album/song titles are coincidental (is he trolling?) - Brooklyn Vegan,2019-03-05T15:30:00Z,0.0,0.0,0.0,0.0,0.0,0.0,0.0,Brooklynvegan.com
,Palace gala marks 50 years since Prince Charles' investiture as Prince of Wales - AOL,2019-03-05T15:16:01Z,0.0,0.0,0.0,0.0,0.0,0.0,0.0,Aol.com
,"Kate Middleton, Meghan Markle, Prince William, and Prince Harry Gather in Buckingham Palace - HarpersBAZAAR.com",2019-03-05T15:14:00Z,0.0,0.0,0.0,0.0,0.532616,0.0,0.0,Harpersbazaar.com
,Midsommar trailer: Hereditary director returns with creepy cult horror - Polygon,2019-03-05T15:13:24Z,0.0,0.8258200000000001,0.0,0.0,0.0,0.0,0.0,Polygon
,"Kylie Jenner is Now World's Youngest Billionaire, Officially - TMZ",2019-03-05T15:10:00Z,0.0,0.0,0.612538,0.0,0.0,0.0,0.0,Tmz.com
,"Pritzker Prize Goes to Arata Isozaki, Designer for a Postwar World - The New York Times",2019-03-05T15:08:27Z,0.0,0.0,0.7310989999999999,0.0,0.0,0.0,0.0,The New York Times
,"Luke Perry's 'Beverly Hills, 90210' co-stars Shannen Doherty, Tori Spelling 'heartbroken' over star's death - Fox News",2019-03-05T14:08:17Z,0.0,0.0,0.0,0.832327,0.0,0.0,0.0,Fox News
,Queen Latifah stands by Jussie Smollett after alleged hoax - Page Six,2019-03-05T14:02:00Z,0.0,0.0,0.522988,0.0,0.0,0.0,0.0,Pagesix.com
,Update: Stormi Webster Has Her Own Custom Lamborghini and She's Literally a Baby - Cosmopolitan.com,2019-03-05T13:47:00Z,0.0,0.0,0.0,0.0,0.0,0.0,0.0,Cosmopolitan.com
,Karl Lagerfeldâs Final Chanel Show - The New York Times,2019-03-05T12:50:14Z,0.0,0.0,0.0,0.0,0.0,0.0,0.0,The New York Times
,4 WrestleMania 35 matches the WWE can set up at Fastlane - Sportskeeda,2019-03-05T11:52:57Z,0.0,0.0,0.0,0.0,0.788547,0.0,0.0,Sportskeeda.com
,Why Kate Beckinsale Was Ready for a Guy Like Pete Davidson - E! NEWS,2019-03-05T11:00:00Z,0.0,0.0,0.0,0.0,0.0,0.0,0.0,Eonline.com
,KhloÃ© Kardashian Backpedals the Blame | Nightly Pop | E! News - E! News,2019-03-05T07:53:34Z,0.0,0.0,0.0,0.0,0.0,0.0,0.0,Youtube.com
,Colton Underwood disappears from 'The Bachelor' [Video] - Yahoo Entertainment,2019-03-05T07:20:41Z,0.0,0.0,0.0,0.0,0.0,0.0,0.0,Yahoo.com
,Video Surfaces Of Tekashi 6ix9ine's Baby Mama In Bed With His Alleged Associate - HipHopDX,2019-03-05T07:19:01Z,0.0,0.0,0.594046,0.0,0.0,0.0,0.0,Youtube.com
,Shaun's Breakdown â The Good Doctor - ABC,2019-03-05T07:00:03Z,0.0,0.0,0.0,0.0,0.620279,0.0,0.0,Youtube.com
,LUKE PERRY: Actor Luke Perry dies at 52 - WPXI Pittsburgh,2019-03-05T06:10:21Z,0.0,0.0,0.0,0.7851229999999999,0.0,0.0,0.0,Wpxi.com
,Roman Reigns Reveals Type of Leukemia He Had on WWE Chronicle - Pro Wrestling Sheet,2019-03-05T05:13:21Z,0.0,0.0,0.0,0.0,0.0,0.0,0.0,Prowrestlingsheet.com
,"WWE Raw Results: News And Notes After Another Shield Reunion, Apparent Ronda Rousey Heel Turn - Forbes",2019-03-05T03:58:00Z,0.0,0.0,0.0,0.0,0.5625680000000001,0.0,0.0,Forbes.com
,Anna Wintour Speaks Out About Kim Kardashian's Fashion Choices - Just Jared,2019-03-05T03:57:49Z,0.0,0.0,0.0,0.0,0.653099,0.0,0.909883,Justjared.com
,Blake Shelton Keeps Scooping Up Country Artists in Night 3 of 'The Voice' Auditions - Billboard,2019-03-05T03:39:33Z,0.0,0.0,0.5861970000000001,0.0,0.0,0.0,0.0,Billboard.com
,Oscars Boost: Lady Gaga & Bradley Cooperâs âShallowâ Soars To No. 1 on Billboard Hot 100 - Deadline,2019-03-05T02:09:00Z,0.0,0.0,0.642407,0.0,0.0,0.0,0.0,Deadline.com
,The Internet Reacts to the Alleged Sonic the Hedgehog Movie Leak - IGN,2019-03-05T01:31:32Z,0.0,0.0,0.0,0.0,0.0,0.0,0.0,IGN
,The three versions of Jay Cutler on Very Cavallari premiere - NBCSports.com,2019-03-05T00:05:00Z,0.0,0.0,0.0,0.0,0.0,0.8002600000000001,0.0,Nbcsports.com
,How Luke Perry's Rodeo Movie '8 Seconds' Depicted Real Cowboy Life - Rolling Stone,2019-03-04T23:08:00Z,0.0,0.0,0.560017,0.0,0.8402280000000001,0.509368,0.0,Rollingstone.com
,Royal Treatment: Buckingham Palace Issues New Guidelines in Response to Online Abuse of Meghan Markle and Kate Middleton - The Root,2019-03-04T23:00:00Z,0.0,0.0,0.0,0.0,0.842108,0.0,0.0,Theroot.com
,I don't believe Michael Jackson's accusers in 'Leaving Neverland' - Washington Examiner,2019-03-04T22:45:00Z,0.0,0.0,0.0,0.0,0.8622860000000001,0.0,0.786991,Washingtonexaminer.com
,"The Prodigy's Keith Flint Dead at 49, Morrissey Broadway Residency | RS News 3/4/19 - Rolling Stone",2019-03-04T22:44:45Z,0.0,0.0,0.0,0.0,0.0,0.0,0.0,Youtube.com
,QUEER EYE Season 3 Official Trailer (HD) Netflix Reality Series - JoBlo TV Show Trailers,2019-03-04T22:15:00Z,0.0,0.0,0.0,0.0,0.0,0.0,0.0,Youtube.com
,Tamron Hall pregnant with first child at 48 - WLS-TV,2019-03-04T22:03:45Z,0.0,0.0,0.0,0.0,0.0,0.0,0.0,Abc7chicago.com
,Love & Hip Hop Atlanta Returns For The Most Explosive Season Yet With Back-To-Back Episodes on March 25th - VH1.com,2019-03-04T21:56:58Z,0.0,0.0,0.652219,0.0,0.0,0.0,0.0,Vh1.com
,Mexican TV network faces backlash for 'brownface' parody of 'Roma' star Yalitza Aparicio - NBCNews.com,2019-03-04T21:34:00Z,0.0,0.0,0.0,0.0,0.0,0.0,0.0,NBC News
,THE ACT Official Trailer (HD) Patricia Arquette True Crime Series - JoBlo TV Show Trailers,2019-03-04T20:38:44Z,0.0,0.0,0.0,0.0,0.0,0.0,0.0,Youtube.com
,Watch the Emotional 'American Idol' Audition That Brought Luke Bryan to Tears - Country Living,2019-03-04T20:29:00Z,0.0,0.0,0.0,0.558918,0.0,0.0,0.0,Countryliving.com
,Ex-Mariah Carey Manager Accuses Felix Sater Of Hacking Her For Celebrity Info - TPM,2019-03-04T19:38:00Z,0.5735520000000001,0.0,0.0,0.0,0.589295,0.0,0.0,Talkingpointsmemo.com
,"Welcome Back, Slipknot! - Loudwire",2019-03-04T18:48:21Z,0.0,0.0,0.0,0.0,0.0,0.0,0.0,Youtube.com
,"Wendy Williams returns to show, addresses health, marriage - ABC6OnYourSide.com",2019-03-04T17:43:00Z,0.0,0.0,0.524509,0.0,0.0,0.0,0.0,Abc6onyourside.com
,"The latest trailer for Shazam brings thunder, action and a little bit of magic - Critical Hit",2019-03-04T17:09:30Z,0.0,0.0,0.0,0.0,0.0,0.0,0.0,Criticalhit.net
,Why does Steven Spielberg hate Netflix? - Washington Examiner,2019-03-04T17:07:00Z,0.564685,0.0,0.0,0.0,0.920855,0.0,0.0,Washingtonexaminer.com
,Listen to Billie Eilishâs latest new track âWish You Were Gayâ - NME Live,2019-03-04T17:04:00Z,0.0,0.0,0.5478529999999999,0.0,0.0,0.0,0.0,Nme.com
,Battle over 'stolen' Matisse goes to US Supreme Court - CNN,2019-03-04T16:49:08Z,0.5206310000000001,0.0,0.0,0.0,0.0,0.0,0.0,CNN
,Eddie Vedder Covers Bradley Cooper's 'A Star Is Born' Ballad - Loudwire,2019-03-04T16:37:00Z,0.0,0.0,0.580108,0.0,0.0,0.0,0.0,Loudwire.com
,Brandi Carlile Tributes Late 'Voice' Contestant Janice Freeman - Taste of Country,2019-03-04T16:05:00Z,0.0,0.0,0.502065,0.0,0.0,0.0,0.0,Tasteofcountry.com
,Anthony Anderson Says Roseanne 'Needs Help' After Her #MeToo Criticism - TMZ,2019-03-04T15:18:00Z,0.0,0.0,0.0,0.0,0.0,0.0,0.0,Tmz.com
,Ben Affleck gets candid on 'Today' about his alcoholism and recovery - Page Six,2019-03-04T15:16:00Z,0.0,0.0,0.0,0.0,0.0,0.0,0.0,Pagesix.com
,"Trevor Noah apologized for making a Bollywood joke about the India-Pakistan conflict, that teetered on the brink of war and killed at least 10 people - Business Insider",2019-03-04T15:05:05Z,0.0,0.0,0.0,0.0,0.0,0.0,0.5538,Business Insider
,Marvel's Kevin Feige Talks Captain Marvel Sequel - LRM Online,2019-03-04T15:01:35Z,0.0,0.0,0.0,0.0,0.0,0.0,0.0,Lrmonline.com
,Oscar queens Olivia Colman and Regina King were once Emmy foes [WATCH] - Gold Derby,2019-03-04T15:00:00Z,0.0,0.0,0.0,0.0,0.0,0.0,0.0,Goldderby.com
,John Oliver Prepares Kids for the Inevitable Robot Takeover - Vulture,2019-03-04T14:50:54Z,0.0,0.0,0.0,0.0,0.0,0.849827,0.0,Vulture.com
,Star Wars News: Here Is the Entire Saga in Just 5 Minutes - WIRED,2019-03-04T14:00:00Z,0.0,0.0,0.0,0.0,0.0,0.0,0.0,Wired
,Ben Affleck Jokes About Why He and Jennifer Garner Are 'Not Cool' Parents (Exclusive) - Entertainment Tonight,2019-03-04T13:54:05Z,0.0,0.0,0.0,0.0,0.0,0.0,0.0,Youtube.com
,Video: John Mulaney Unveils A Bodega Bathroom Musical On Great 'Saturday Night Live' - Gothamist,2019-03-04T13:50:00Z,0.0,0.0,0.781934,0.0,0.0,0.0,0.0,Gothamist.com
,Kevin Spacey case heads back to court as defense casts wide net for cell phone records and other evidence - CNN,2019-03-04T10:58:00Z,0.0,0.0,0.0,0.0,0.0,0.0,0.0,CNN
,"Oh No, Arcade Fire Covered Dumboâs âBaby Mineâ and Now Youâre Going to Cry Big Olâ Elephant Tears - Vulture",2019-03-04T06:58:00Z,0.0,0.0,0.0,0.799277,0.0,0.0,0.0,Vulture.com
,SNL highlights: These three sketches show why John Mulaney's episode was the best all season. - Slate,2019-03-04T03:53:00Z,0.0,0.0,0.521521,0.0,0.0,0.9526629999999999,0.0,Slate.com
,'The Walking Dead' Sneaks New Easter Egg Into Its Opening Credits - HuffPost,2019-03-04T03:08:00Z,0.0,0.0,0.659883,0.0,0.0,0.0,0.0,Huffpost.com
,R. Kelly's Friend Who Paid His Bail Receives Bomb Threat at Her Daycare - TMZ,2019-03-04T00:51:00Z,0.0,0.0,0.0,0.0,0.0,0.0,0.0,Tmz.com
,"Documentary Filmmaker Andrew Berends, Cameraman on âFree Solo,â Dies - IndieWire",2019-03-03T23:28:06Z,0.0,0.0,0.0,0.0,0.0,0.0,0.0,Indiewire.com
,"'Michael Cohen, Jim Jordan exchange spoofed on 'SNL' - AOL",2019-03-03T22:12:56Z,0.0,0.0,0.0,0.0,0.0,0.0,0.0,Aol.com
,'SNL's' 'Legal Shark Tank' skit skewers Jussie Smollett case - SFGate,2019-03-03T20:26:00Z,0.0,0.0,0.0,0.0,0.0,0.0,0.0,Sfgate.com
,How to win Gambit Prime: Destiny 2 tips from Bungie - Polygon,2019-03-05T17:02:52Z,0.0,0.0,0.8063560000000001,0.0,0.0,0.0,0.0,Polygon
,Chromium-based Edge screenshots might as well be Chrome - Ars Technica,2019-03-05T16:54:00Z,0.0,0.0,0.0,0.0,0.842108,0.0,0.8566219999999999,Ars Technica
,"The New Koenigsegg Jesko Gets a Kind of Anti-Lag Along With Its 1,600 HP - Jalopnik",2019-03-05T16:05:00Z,0.0,0.0,0.523076,0.0,0.0,0.0,0.615352,Jalopnik.com
,Don't buy a foldable smartphone in 2019 - INSIDER,2019-03-05T15:58:01Z,0.0,0.0,0.0,0.0,0.0,0.0,0.0,Business Insider
,"Spoiler is a brand new security vulnerability affecting all Intel CPUs, AMD's CPUs safe from this thread - DSOGaming",2019-03-05T15:48:00Z,0.0,0.0,0.0,0.0,0.762356,0.660207,0.0,Dsogaming.com
,Google Pulls Photos Feature From Android TV After Bug Exposed Users - Gizmodo,2019-03-05T15:35:00Z,0.547067,0.0,0.0,0.0,0.0,0.0,0.0,Gizmodo.com
,BMPCC 4K finally gets Blackmagic RAW - Newsshooter,2019-03-05T15:27:50Z,0.0,0.0,0.769195,0.0,0.660937,0.0,0.0,Newsshooter.com
,Red Dead Online Adds Evans Repeater And Fools Gold Mode In New Update - RockstarINTEL,2019-03-05T15:23:07Z,0.0,0.0,0.0,0.0,0.0,0.0,0.0,Rockstarintel.com
,Spotifyâs grand plan for podcasts is taking shape - The Verge,2019-03-05T15:22:56Z,0.0,0.0,0.0,0.0,0.0,0.0,0.0,The Verge
,Random: Fan Turns 65-Inch TV Into A Giant Nintendo Switch - Nintendo Life,2019-03-05T15:15:00Z,0.0,0.0,0.0,0.544412,0.0,0.0,0.75152,Nintendolife.com
,August's new battery-powered smart doorbell has a 1440p camera - Engadget,2019-03-05T14:58:11Z,0.0,0.0,0.0,0.0,0.0,0.0,0.0,Engadget
,RUMOR: Pokemon Sword and Shield to have two or more regions? - Dexerto.com,2019-03-05T14:56:33Z,0.0,0.0,0.0,0.0,0.0,0.0,0.9596459999999999,Dexerto.com
,Apple's iPhone glass supplier says it'll be ready for foldable phones in a few years - CNBC,2019-03-05T14:24:08Z,0.0,0.0,0.0,0.0,0.0,0.0,0.0,CNBC
,Samsung Brings Calm to Its Health App - Thurrott.com,2019-03-05T14:22:56Z,0.0,0.0,0.68153,0.0,0.0,0.0,0.0,Thurrott.com
,"Yep, Apple is the Problem with Apple's Video Service - Thurrott.com",2019-03-05T14:09:03Z,0.0,0.0,0.0,0.0,0.653099,0.0,0.0,Thurrott.com
,Apple buys AI camera patents from defunct home security company - Phone Arena,2019-03-05T14:02:00Z,0.0,0.0,0.0,0.0,0.0,0.0,0.0,Phonearena.com
,You can now control your Roku with an Amazon Echo - The Verge,2019-03-05T14:00:00Z,0.0,0.0,0.0,0.0,0.0,0.0,0.0,The Verge
,Oppo announces the F11 Pro with pop-up selfie camera and no notch - The Verge,2019-03-05T14:00:00Z,0.0,0.0,0.514898,0.0,0.0,0.0,0.0,The Verge
,Samsung Galaxy S10 Plus review: Almost apex - Android Authority,2019-03-05T13:44:47Z,0.0,0.0,0.0,0.0,0.0,0.0,0.8566219999999999,Youtube.com
,"Apple's 2018 MacBook Pros try to fix 'flexgate' issue, report says - CNET",2019-03-05T13:28:00Z,0.0,0.0,0.0,0.603911,0.672469,0.0,0.0,Cnet.com
,Elektron Model:Samples review: A powerful groovebox for beginners - Engadget,2019-03-05T13:00:33Z,0.0,0.0,0.0,0.0,0.0,0.0,0.0,Engadget
,5 Reasons To Buy An Xbox One Instead Of A PlayStation 4 In 2019 - Forbes,2019-03-05T13:00:00Z,0.0,0.0,0.0,0.682241,0.687768,0.0,0.0,Forbes.com
,"Hurry: Ankerâs best wireless charger just dropped to $16.79, a new all-time low - BGR",2019-03-05T12:54:00Z,0.0,0.0,0.0,0.0,0.0,0.0,0.647986,Bgr.com
,The Morning After: The best games on PS4 and Galaxy S10+ reviewed - Engadget,2019-03-05T12:16:15Z,0.0,0.0,0.681704,0.0,0.0,0.0,0.0,Engadget
,Sony offering Anthem refunds following reports of game crashing and bricking PlayStation 4s - TechSpot,2019-03-05T12:01:00Z,0.0,0.0,0.0,0.0,0.0,0.0,0.0,Techspot.com
,You'll Be Surprised How Much Quicker This New Ford Ranger Is With a Tune! - The Fast Lane Truck,2019-03-05T12:00:08Z,0.0,0.0,0.5336569999999999,0.0,0.0,0.0,0.0,Youtube.com
,Microsoft is making a Chrome OS-like version of Windows - Fudzilla,2019-03-05T11:17:32Z,0.0,0.0,0.0,0.0,0.687768,0.0,0.0,Fudzilla.com
,"Crucial P1 NVMe SSD review: Fantastic value for the average user, but not for pros - PCWorld",2019-03-05T10:59:00Z,0.0,0.0,0.0,0.0,0.0,0.0,0.0,Pcworld.com
,"iPhone 11 release date, specs and price: 2019 iPhones might offer waterproof display tech - The INQUIRER",2019-03-05T10:54:23Z,0.0,0.0,0.0,0.0,0.6105520000000001,0.0,0.615352,Theinquirer.net
,Apple newest patent shows how they plan to dominate the foldable phone market - Mashable SE Asia,2019-03-05T10:10:00Z,0.0,0.0,0.0,0.0,0.0,0.0,0.0,Mashable
,We're losing the history of the App Store | Opinion - GamesIndustry.biz,2019-03-05T09:00:08Z,0.0,0.0,0.0,0.0,0.0,0.0,0.0,Gamesindustry.biz
,LineageOS 16 To Enable Old Phone Users To Enjoy Android Pie - gizmochina,2019-03-05T08:34:00Z,0.0,0.0,0.6685800000000001,0.0,0.0,0.0,0.0,Gizmochina.com
,THQ Nordic group CEO issues official apology for 8chan AMA - VG247,2019-03-05T08:31:00Z,0.0,0.0,0.0,0.0,0.0,0.0,0.0,Vg247.com
,USB4 promises faster speeds and less confusing names for your cables - TNW,2019-03-05T08:01:00Z,0.0,0.0,0.0,0.0,0.0,0.0,0.75152,The Next Web
,Some Google Pixel 3 owners are reporting improved storage performance after latest software update - Notebookcheck.net,2019-03-05T06:17:34Z,0.0,0.0,0.0,0.0,0.0,0.0,0.615352,Notebookcheck.net
,Comedian's battle with Barstool Sports reveals Twitter's copyright issues - Mashable,2019-03-05T04:20:00Z,0.0,0.0,0.0,0.0,0.0,0.0,0.0,Mashable
,"After Being Sold to a VC Firm, this $899 IoT Robot Will Soon Brick Itself - Motherboard",2019-03-05T02:38:39Z,0.0,0.0,0.0,0.0,0.0,0.704642,0.0,Vice News
,iKON's Chanwoo Teams Up With 'Fortnite' & Samsung to Create New Skin - Billboard,2019-03-05T02:02:25Z,0.0,0.0,0.552786,0.0,0.0,0.0,0.0,Billboard.com
,Should Fortnite add vehicle refueling? - FortniteINTEL,2019-03-05T00:20:00Z,0.0,0.0,0.0,0.0,0.0,0.0,0.0,Fortniteintel.com
,Whatâs new in iOS 12.2 beta 4 â changes and features [Video] - 9to5Mac,2019-03-04T23:53:00Z,0.0,0.0,0.0,0.0,0.0,0.0,0.0,9to5mac.com
,Why 'ji32k7au4a83' Is a Remarkably Common Password - Gizmodo,2019-03-04T23:49:00Z,0.0,0.0,0.0,0.0,0.0,0.704642,0.0,Gizmodo.com
,Facebook's Phone Number Policy Could Push Users to Not Trust Two-Factor Authentication - Motherboard,2019-03-04T23:36:23Z,0.0,0.0,0.0,0.0,0.0,0.0,0.7163010000000001,Vice News
,The Xbox One Version Of Black Desert Is Missing Three Years' Worth Of Content - Kotaku,2019-03-04T23:30:00Z,0.0,0.0,0.0,0.670764,0.532616,0.0,0.0,Kotaku.com
,Last Chance For GameStop's Massive PS4 And Xbox One Game Sale - GameSpot,2019-03-04T23:14:00Z,0.0,0.0,0.0,0.0,0.0,0.0,0.75152,Gamespot.com
,"Apex Legends attracts 50 million players, gains ground on Fortnite - TechRadar",2019-03-04T22:01:00Z,0.0,0.0,0.0,0.0,0.0,0.0,0.0,TechRadar
,Critical Roleâs Crowdfunding Campaign for Animated D&D Special Raises $2 Million in Under Four Hours - Variety,2019-03-04T21:38:00Z,0.0,0.0,0.0,0.0,0.0,0.0,0.0,Variety.com
,Devil May Cry 5: release date and pre-order guide - Polygon,2019-03-04T21:23:09Z,0.0,0.0,0.0,0.592125,0.0,0.0,0.8222309999999999,Polygon
,Comment: OnePlus 7 is shaping up to be the home of some of Androidâs worst current trends - 9to5Google,2019-03-04T20:52:00Z,0.0,0.0,0.0,0.0,0.0,0.0,0.5538,9to5google.com
,"Guide: Pokemon Sword And Shield Pre-Order Bonuses And Discounts (US, UK) - GameSpot",2019-03-04T20:20:00Z,0.0,0.0,0.0,0.0,0.0,0.0,0.0,Gamespot.com
,'Mummified' 1969 Ford Mustang Mach 1 Cobra Jet for sale and ready for restoration - Fox News,2019-03-04T20:16:12Z,0.0,0.0,0.0,0.0,0.0,0.0,0.0,Fox News
,How to use the Nokia 9 PureViewâs camera to step up your photography game - Digital Trends,2019-03-04T20:15:38Z,0.0,0.0,0.6125390000000001,0.0,0.0,0.0,0.0,Digitaltrends.com
,Red Dead Onlineâs Big Update Is Testing The Patience Of Frustrated Players - Kotaku,2019-03-04T20:00:00Z,0.770134,0.0,0.0,0.0,0.0,0.0,0.0,Kotaku.com
,"""My all-time favorite console"" - Developers pay tribute to PS Vita - GamesRadar",2019-03-04T19:49:00Z,0.0,0.0,0.556407,0.0,0.0,0.0,0.0,Gamesradar.com
,Google Reveals 'High Severity' Flaw in macOS After Apple Fails to Patch - Thurrott.com,2019-03-04T19:27:02Z,0.0,0.0,0.0,0.650146,0.0,0.0,0.0,Thurrott.com
,The Lamborghini Aventador SVJ Roadster Brings 770 HP Straight to Your Earholes - RoadandTrack.com,2019-03-04T19:02:00Z,0.0,0.0,0.0,0.0,0.0,0.0,0.0,Roadandtrack.com
,Read More Spotify has 1m users in India one week after launch Spotify launched in India - Music Ally,2019-03-04T18:57:48Z,0.0,0.0,0.552442,0.0,0.724236,0.0,0.0,Musically.com
,Daily Deals: Score an Alienware RTX 2080 Ti Gaming PC for $2K - IGN,2019-03-04T18:55:59Z,0.0,0.0,0.0,0.0,0.0,0.0,0.0,IGN
,8 paid iPhone apps on sale for free on March 4th - BGR,2019-03-04T18:41:00Z,0.0,0.0,0.0,0.0,0.0,0.0,0.0,Bgr.com
,"As the world moves on from passwords, WebAuthn becomes an official standard - Neowin",2019-03-04T18:34:00Z,0.0,0.0,0.0,0.0,0.0,0.0,0.0,Neowin.net
,Choetech's Qi wireless charging pad is just $7 right now - Android Police,2019-03-04T17:31:00Z,0.0,0.0,0.0,0.0,0.620279,0.0,0.75152,Androidpolice.com
,How to unlock Facebook Messenger's hidden 'Dark Mode' - Mashable,2019-03-04T17:11:00Z,0.0,0.0,0.0,0.0,0.0,0.0,0.0,Mashable
,Mercedes-AMG S65 Final Edition Might Be the Last V-12 Benz Ever - The Drive,2019-03-04T15:51:52Z,0.0,0.0,0.0,0.0,0.0,0.0,0.0,Thedrive.com
,Pokemon Sword & Shield's First New Gen 8 Starters Revealed - GameSpot,2019-03-04T15:43:00Z,0.0,0.0,0.586358,0.0,0.0,0.0,0.0,Gamespot.com
,Kingdom Hearts III stop-motion Toy Box trailer - Gematsu,2019-03-04T14:59:00Z,0.0,0.0,0.0,0.0,0.0,0.0,0.0,Gematsu.com
,"Deals: Save on the 10.5-inch iPad Pro, 13-inch MacBook Pro with Touch Bar, Koogeek HomeKit Devices, and More - MacRumors",2019-03-04T14:54:00Z,0.0,0.0,0.0,0.0,0.0,0.0,0.0,Macrumors.com
,Top 20 highest earning Fortnite pros following ESL Katowice Royale - Dexerto.com,2019-03-04T11:29:30Z,0.0,0.0,0.0,0.0,0.0,0.0,0.0,Dexerto.com
,How Stupid Does Google Think We Are? Nest Privacy Fiasco is Flat-Out Insulting - Yahoo Finance,2019-03-04T10:31:23Z,0.838886,0.0,0.0,0.0,0.587989,0.0,0.0,Yahoo.com
,How to avoid 'Fortnite' V-bucks scams and cyber-criminal schemes - USA TODAY,2019-03-04T09:55:00Z,0.0,0.0,0.0,0.0,0.0,0.0,0.0,USA Today
,"Facebook sues over sales of fake accounts, likes and followers - 10TV",2019-03-04T02:01:01Z,0.0,0.0,0.0,0.7599640000000001,0.0,0.0,0.0,10tv.com
,JetBlue Will Let You Fly Free for a Year If You Erase Your Instagram Posts - Geek,2019-03-03T20:29:05Z,0.0,0.0,0.0,0.0,0.5625680000000001,0.0,0.0,Geek.com
,Captain Marvel review: A soaring tale of self-discovery with a '90s riff - CNET,2019-03-05T17:46:00Z,0.0,0.0,0.0,0.0,0.0,0.0,0.0,Cnet.com
,HIV Eliminated By Bone Marrow Transplant In Cancer Patient : Shots - Health News - NPR,2019-03-05T17:19:00Z,0.0,0.0,0.0,0.532817,0.0,0.0,0.0,Npr.org
,Papa John's founder Schnatter to exit board in settlement - Yahoo Finance,2019-03-05T16:50:00Z,0.0,0.0,0.0,0.0,0.653099,0.0,0.0,Yahoo.com
,Teen who vaccinated himself says anti-vaxx Mom gets misinformation from Facebook - USA TODAY,2019-03-05T16:34:00Z,0.0,0.0,0.0,0.61661,0.0,0.0,0.0,USA Today
,Moderate Dems fume over Ocasio-Cortez 'list' threat - Fox News,2019-03-05T16:29:05Z,0.0,0.6062390000000001,0.0,0.0,0.0,0.0,0.0,Fox News
,GAME OF THRONES Season 8 Official Trailer #2 (2019) HBO Series HD - JoBlo Movie Trailers,2019-03-05T16:28:50Z,0.0,0.0,0.0,0.0,0.0,0.0,0.0,Youtube.com
,Corey Feldman defends Michael Jackson - CNN,2019-03-05T16:05:00Z,0.0,0.0,0.0,0.0,0.0,0.0,0.0,CNN
,Tesla shares fall 4 percent despite China approval of Model 3 imports - CNBC,2019-03-05T15:56:17Z,0.0,0.0,0.0,0.628706,0.642915,0.0,0.0,CNBC
,White House responds to House oversight with statement demonizing Democrats - Vox.com,2019-03-05T15:50:00Z,0.0,0.0,0.0,0.0,0.672469,0.0,0.0,Vox.com
,Storm-battered Alabama could see more severe weather â and possible tornadoes â this weekend - USA TODAY,2019-03-05T15:39:00Z,0.0,0.0,0.0,0.0,0.0,0.0,0.91961,USA Today
,Packages with IEDs found near two London airports and rail hub - NBC News,2019-03-05T15:31:00Z,0.0,0.0,0.0,0.518604,0.589295,0.0,0.0,NBC News
,August's new battery-powered smart doorbell has a 1440p camera - Engadget,2019-03-05T14:58:11Z,0.0,0.0,0.0,0.0,0.0,0.0,0.0,Engadget
,Tokyo Court Grants Bail To Former Nissan CEO Carlos Ghosn - NPR,2019-03-05T14:37:00Z,0.0,0.0,0.0,0.0,0.0,0.0,0.0,Npr.org
,Is Ariana Grande Debuting Her Own Starbucks Drink? - The Cheat Sheet,2019-03-05T14:17:11Z,0.0,0.0,0.0,0.0,0.0,0.0,0.0,Cheatsheet.com
,"Astronomers detect deep, long asymmetric occultation in a newly found low-mass star - Phys.org",2019-03-05T14:12:35Z,0.0,0.0,0.0,0.0,0.762356,0.0,0.0,Phys.org
,2019 NFL Mock Draft: Matt Miller's Post-Combine Predictions - Bleacher Report,2019-03-05T14:06:15Z,0.0,0.0,0.0,0.0,0.0,0.618451,0.0,Bleacher Report
,You can now control your Roku with an Amazon Echo - The Verge,2019-03-05T14:00:00Z,0.0,0.0,0.0,0.0,0.0,0.0,0.0,The Verge
,Samsung Galaxy S10 Plus review: Almost apex - Android Authority,2019-03-05T13:44:47Z,0.0,0.0,0.0,0.0,0.0,0.0,0.8566219999999999,Youtube.com
,"2019 NFL Mock Draft: Cardinals trade Josh Rosen to Redskins and take Kyler Murray, Giants grab falling QB - CBS Sports",2019-03-05T13:34:00Z,0.0,0.0,0.0,0.0,0.0,0.0,0.0,Cbssports.com
,Understanding the Scandal That's Tarnished Justin Trudeau's Glowing Image - Fortune,2019-03-05T12:43:43Z,0.0,0.0,0.0,0.0,0.687768,0.0,0.0,Fortune
,"A father, a charismatic leader, an entrepreneur. These are the Americans killed in the Kenya helicopter crash - CNN",2019-03-05T11:45:00Z,0.0,0.0,0.0,0.5792430000000001,0.6437579999999999,0.0,0.0,CNN
,Microsoft is making a Chrome OS-like version of Windows - Fudzilla,2019-03-05T11:17:32Z,0.0,0.0,0.0,0.0,0.687768,0.0,0.0,Fudzilla.com
,UK minister says Brexit talks yield 'positive' signals - ABC News,2019-03-05T10:33:33Z,0.0,0.0,0.0,0.0,0.687768,0.8669959999999999,0.0,ABC News
,Arizona Considers Expanding Exemptions For School Vaccines : Shots - Health News - NPR,2019-03-05T10:00:00Z,0.0,0.0,0.0,0.0,0.653099,0.0,0.0,Npr.org
,Alabama man charged with capital murder after 11-year-oldâs body discovered - Fox News,2019-03-05T08:46:38Z,0.0,0.0,0.0,0.0,0.829347,0.0,0.0,Fox News
,Colton Underwood disappears from 'The Bachelor' [Video] - Yahoo Entertainment,2019-03-05T07:20:41Z,0.0,0.0,0.0,0.0,0.0,0.0,0.0,Yahoo.com
,"As Tornadoes Roared Across Alabama, âThere Wasnât Even Time to Be Afraidâ - The New York Times",2019-03-05T01:29:22Z,0.0,0.802804,0.0,0.0,0.0,0.0,0.615352,The New York Times
,Commercial crew's time approaches - The Space Review,2019-03-05T01:22:43Z,0.0,0.0,0.0,0.0,0.0,0.0,0.0,Thespacereview.com
,"The idea of making NFL Network a ""33rd team"" for the combine is interesting - Awful Announcing",2019-03-05T00:54:00Z,0.0,0.0,0.0,0.0,0.762356,0.0,0.0,Awfulannouncing.com
,Tornado victims in Alabama include the 'sweetest little boy' and a 'perfect' daughter - NBC News,2019-03-05T00:07:11Z,0.0,0.0,0.732328,0.0,0.0,0.727798,0.0,NBC News
,One more time with feeling: no link found between measles vax - Cosmos,2019-03-04T22:01:00Z,0.0,0.0,0.0,0.0,0.842108,0.0,0.0,Cosmosmagazine.com
,The professional wrestling Congress - Washington Examiner,2019-03-04T21:56:00Z,0.0,0.0,0.0,0.0,0.920855,0.0,0.0,Washingtonexaminer.com
,The solution for Trump's impending Senate showdown: End the national emergency - Washington Examiner,2019-03-04T20:02:00Z,0.0,0.0,0.0,0.0,0.908301,0.0,0.0,Washingtonexaminer.com
,"Raiders make most sense for Antonio Brown, Peter King says - NBCSports.com",2019-03-04T19:25:12Z,0.0,0.0,0.5105149999999999,0.0,0.0,0.0,0.0,Nbcsports.com
,"SpaceX Launch Succesful, Crew Dragon Capsule Docks With Space Station - Investor's Business Daily",2019-03-04T06:33:05Z,0.0,0.0,0.0,0.0,0.589295,0.0,0.0,Investors.com
,"ISS Astronauts Meet SpaceX Ship Crew After Historic Docking (PHOTO, VIDEO) - Sputnik International",2019-03-04T03:07:00Z,0.0,0.0,0.5904010000000001,0.0,0.0,0.0,0.0,Sputniknews.com
,Pininfarinaâs Battista is a 1900-horsepower all-electric hypercar - Electrek,2019-03-05T17:26:00Z,0.0,0.0,0.0,0.0,0.0,0.0,0.0,Electrek.co
,"T-Mobile has spent $195,000 at Trump hotel while lobbying for Sprint merger - Ars Technica",2019-03-05T17:25:00Z,0.0,0.0,0.0,0.0,0.0,0.0,0.0,Ars Technica
,"'Sudden, extreme' gust of wind sends Norwegian cruise ship passengers 'flying' - WABC-TV",2019-03-05T17:21:48Z,0.0,0.0,0.0,0.0,0.0,0.0,0.0,Abc7ny.com
,"Tesla stock slides another 4% as analysts question recent decisions, fret about cash burn - MarketWatch",2019-03-05T17:13:00Z,0.0,0.0,0.0,0.0,0.9581700000000001,0.0,0.0,Marketwatch.com
,"After years of promise, battery cars about to go mainstream - Associated Press",2019-03-05T16:51:34Z,0.0,0.0,0.0,0.0,0.0,0.0,0.0,Associated Press
,Papa John's founder Schnatter to exit board in settlement - Yahoo Finance,2019-03-05T16:50:00Z,0.0,0.0,0.0,0.0,0.653099,0.0,0.0,Yahoo.com
,Amazon took over the $176 billion market for cloud computing. Now it's using the same playbook in logistics. - Business Insider,2019-03-05T16:46:11Z,0.0,0.0,0.0,0.0,0.596122,0.0,0.0,Business Insider
,Boy eating McDonaldâs finds razor blade in Happy Meal box - Fox News,2019-03-05T16:19:02Z,0.0,0.0,0.660157,0.0,0.506763,0.0,0.0,Fox News
,Birth control recalled over incorrect packaging - KTVI Fox 2 St. Louis,2019-03-05T16:19:00Z,0.0,0.0,0.0,0.0,0.5415909999999999,0.0,0.0,Fox2now.com
,Bugatti sells most expensive car ever made for $12.5 million - CBS News,2019-03-05T16:13:00Z,0.0,0.0,0.0,0.0,0.0,0.0,0.0,CBS News
,The world's youngest billionaires under 30 - Fox Business,2019-03-05T16:06:38Z,0.0,0.0,0.613866,0.0,0.0,0.0,0.0,Foxbusiness.com
,"4 good reasons this small-cap, dividend-paying stock sector could reward contrarian investors - MarketWatch",2019-03-05T16:06:00Z,0.0,0.0,0.5610310000000001,0.0,0.589295,0.0,0.7163010000000001,Marketwatch.com
,Tesla shares fall 4 percent despite China approval of Model 3 imports - CNBC,2019-03-05T15:56:17Z,0.0,0.0,0.0,0.628706,0.642915,0.0,0.0,CNBC
,Harley-Davidson will start selling electric motorcycles for 3-year-olds - Fox News,2019-03-05T15:52:00Z,0.0,0.0,0.0,0.0,0.0,0.0,0.0,Fox News
,"Southwest's maintenance problems are costing it millions a week, CEO says - CNBC",2019-03-05T15:41:36Z,0.0,0.0,0.0,0.5377460000000001,0.620279,0.0,0.0,CNBC
,AT&T shakes up WarnerMedia amid merger drama - Axios,2019-03-05T15:37:00Z,0.0,0.544411,0.0,0.0,0.0,0.0,0.0,Axios
,Thousands of stores planned to close in 2019: Hereâs the list - Dayton Daily News,2019-03-05T15:19:03Z,0.0,0.0,0.0,0.0,0.0,0.0,0.0,Daytondailynews.com
,Cronos Group Got a 'Market Perform' Rating from Cowen - Market Realist,2019-03-05T15:17:50Z,0.0,0.0,0.0,0.0,0.8622860000000001,0.0,0.0,Marketrealist.com
,"JetBlue wants you to delete your Instagram photos for free flights, and we have questions - CNN",2019-03-05T15:01:00Z,0.0,0.0,0.0,0.0,0.762356,0.0,0.0,CNN
,New home sales rise to 7-month high in December - CNBC,2019-03-05T15:00:59Z,0.0,0.0,0.564537,0.0,0.0,0.0,0.0,CNBC
,Why Tesla's decision to close hundreds of stores is risky - CNN,2019-03-05T14:56:00Z,0.0,0.0,0.0,0.0,0.653099,0.0,0.0,CNN
,Aston Martin Lagonda All-Terrain Concept at the Geneva Motor Show 2019 - The Verge,2019-03-05T14:50:59Z,0.0,0.0,0.0,0.0,0.0,0.0,0.0,The Verge
,"An explosive exposÃ© on a $9 billion Russian money laundering operation entangles Citigroup, Raiffeisen, and Deutsche Bank - INSIDER",2019-03-05T14:47:59Z,0.0,0.0,0.0,0.0,0.0,0.0,0.0,Thisisinsider.com
,Mercedes-Benz debuts EQV electric van at the Geneva auto show - Ars Technica,2019-03-05T14:39:00Z,0.0,0.0,0.0,0.0,0.0,0.0,0.0,Ars Technica
,Tokyo Court Grants Bail To Former Nissan CEO Carlos Ghosn - NPR,2019-03-05T14:37:00Z,0.0,0.0,0.0,0.0,0.0,0.0,0.0,Npr.org
,Is Ariana Grande Debuting Her Own Starbucks Drink? - The Cheat Sheet,2019-03-05T14:17:11Z,0.0,0.0,0.0,0.0,0.0,0.0,0.0,Cheatsheet.com
,Google: We Underpaid Thousands of Men - Newser,2019-03-05T13:57:00Z,0.0,0.0,0.0,0.0,0.0,0.0,0.0,Newser.com
,Target had its best year since 2005 - CNN,2019-03-05T13:47:00Z,0.0,0.0,0.0,0.0,0.0,0.0,0.0,CNN
,"Ocasio-Cortez not ruling out Amazon's return to New York, says communities must be consulted - Fox News",2019-03-05T13:37:52Z,0.0,0.0,0.0,0.0,0.0,0.0,0.0,Fox News
,Timing The Market Is Possible: Here Are Some Lessons Learned - Seeking Alpha,2019-03-05T13:33:00Z,0.0,0.0,0.588116,0.0,0.842108,0.0,0.9462219999999999,Seekingalpha.com
,"Gold, Silver Bulls Work To Stabilize Prices - Kitco News",2019-03-05T13:23:00Z,0.0,0.0,0.0,0.0,0.0,0.0,0.0,Kitco.com
,Major Airline Drops Mandatory Makeup Rule - Newser,2019-03-05T13:08:00Z,0.0,0.0,0.0,0.0,0.560098,0.0,0.0,Newser.com
,Sentiment Speaks: Bonds Setting Up To Skyrocket - Seeking Alpha,2019-03-05T13:00:00Z,0.0,0.0,0.0,0.0,0.724236,0.0,0.0,Seekingalpha.com
,"L Brands Faces Pressure to Separate Victoriaâs Secret, Bath & Body Works - The Wall Street Journal",2019-03-05T12:53:00Z,0.0,0.0,0.0,0.0,0.0,0.0,0.0,The Wall Street Journal
,Spotify just added a million new users in under a week - CNN,2019-03-05T12:46:00Z,0.0,0.0,0.582004,0.0,0.0,0.0,0.75152,CNN
,"Amazon, long seen as a threat to malls, is now a hot tenant - Fox News",2019-03-05T12:44:02Z,0.0,0.630125,0.0,0.0,0.0,0.0,0.0,Fox News
,"Chevron, Exxon Mobil Tighten Their Grip on Fracking - The Wall Street Journal",2019-03-05T12:32:00Z,0.0,0.0,0.0,0.0,0.620279,0.0,0.0,The Wall Street Journal
,"Surfing, Schools and Jets: WeWorkâs Bets Follow CEO Adam Neumannâs Passions - The Wall Street Journal",2019-03-05T12:00:00Z,0.0,0.0,0.593585,0.0,0.0,0.0,0.647986,The Wall Street Journal
,Tesla Unsecured Debt: Recovery Tops Out At ~30c (If You're Lucky) - Seeking Alpha,2019-03-05T11:34:00Z,0.0,0.0,0.734787,0.0,0.0,0.0,0.7163010000000001,Seekingalpha.com
,97% of Seniors Miss Out on This Key Opportunity to Boost Their Social Security Benefits - The Motley Fool,2019-03-05T11:32:00Z,0.0,0.0,0.0,0.0,0.0,0.0,0.0,Fool.com
,Ohio man and ex-wife sentenced for defrauding homeowner associations - 10TV,2019-03-05T11:12:57Z,0.0,0.0,0.0,0.0,0.0,0.0,0.0,10tv.com
,Celebrating Mardi Gras the traditionally Polish way - WLS-TV,2019-03-05T10:53:33Z,0.0,0.0,0.576515,0.0,0.0,0.0,0.0,Abc7chicago.com
,Donât expect the U.S. stock market to keep rising at the current pace - MarketWatch,2019-03-05T10:35:00Z,0.0,0.0,0.0,0.0,0.0,0.0,0.0,Marketwatch.com
,Some travelers excited about $29 one-way Southwest Airlines ticket to neighbor islands - KITV Honolulu,2019-03-05T08:48:00Z,0.0,0.0,0.584186,0.0,0.0,0.0,0.845297,Kitv.com
,These concept tires could help cars fly - CNN,2019-03-05T07:38:36Z,0.0,0.0,0.0,0.0,0.0,0.0,0.798791,CNN
,"Over 30,000 pounds of ground beef recalled over plastic and metal contamination fears - Daily Mail",2019-03-05T04:25:00Z,0.0,0.8207049999999999,0.0,0.0,0.506763,0.0,0.0,Daily Mail
,GM restructuring: Production ending at Ohio plant earlier than expected - WCPO,2019-03-05T03:48:00Z,0.0,0.0,0.0,0.0,0.939116,0.0,0.0,Wcpo.com
,Pharmaceutical company moves to offer generic of insulin at reduced price - WKRC TV Cincinnati,2019-03-05T02:44:48Z,0.0,0.0,0.0,0.0,0.0,0.0,0.0,Local12.com
,"As Trump Moves to End Trade War With China, Business Asks: Was It Worth It? - The New York Times",2019-03-05T00:13:53Z,0.0,0.0,0.547316,0.0,0.0,0.0,0.0,The New York Times
,Instant Pot's creator is merging with the company behind Pyrex - Engadget,2019-03-05T00:01:49Z,0.0,0.0,0.0,0.0,0.0,0.0,0.0,Engadget
,Ted Baker CEO Resigns After 'Forced Hugging' Complaints - NPR,2019-03-04T23:48:00Z,0.0,0.0,0.0,0.0,0.724236,0.0,0.0,Npr.org
,F.D.A. Criticizes Walgreens and Other Retailers for Selling Tobacco Products to Minors - The New York Times,2019-03-04T23:12:04Z,0.0,0.0,0.0,0.0,0.0,0.0,0.0,The New York Times
,"You could win a year of free flights from JetBlue, but thereâs a wild catch - BGR",2019-03-04T23:04:00Z,0.0,0.0,0.72551,0.0,0.0,0.0,0.615352,Bgr.com
,OPEC can declare mission accomplished on price-boosting oil output cuts by April: Goldman Sachs - CNBC,2019-03-04T21:58:25Z,0.0,0.0,0.567793,0.0,0.781949,0.0,0.0,CNBC
,Winner claims $1.5 billion Mega Millions jackpot in South Carolina - WKYT,2019-03-04T21:52:07Z,0.0,0.0,0.0,0.0,0.0,0.0,0.0,Wkyt.com
,Young Dolph Has $500K Of Jewelry & Cash Stolen While Eating At Cracker Barrel - Stereogum,2019-03-04T21:42:00Z,0.0,0.0,0.0,0.0,0.0,0.0,0.0,Stereogum.com
,Stocks sink after economic data disappoints - Business Insider,2019-03-04T21:06:52Z,0.0,0.0,0.0,0.67524,0.0,0.0,0.0,Business Insider
,Volkswagen debuts electric Buggy concept ATV at Geneva auto show - USA TODAY,2019-03-04T20:36:00Z,0.0,0.0,0.0,0.0,0.0,0.0,0.0,USA Today
,Sizing Up a Salesforce Earnings Reaction Trade - TheStreet.com,2019-03-04T20:16:50Z,0.0,0.0,0.0,0.0,0.0,0.0,0.0,Thestreet.com
,Barrick's Bristow Rejects Newmont's Joint-Venture Proposal - Kitco News,2019-03-04T19:56:00Z,0.0,0.0,0.0,0.5954010000000001,0.920855,0.0,0.0,Kitco.com
,Tesla will unveil the Model Y crossover on March 14th - Engadget,2019-03-04T19:10:02Z,0.0,0.0,0.0,0.0,0.0,0.0,0.0,Youtube.com
,'Historic moment for Snohomish County': Everett's Paine Field opens for commercial flights - KOMO News,2019-03-04T18:22:30Z,0.0,0.0,0.0,0.0,0.0,0.0,0.0,Komonews.com
,Kraft Heinz: Rare Upgrade from Morgan Stanley - Market Realist,2019-03-04T18:21:24Z,0.0,0.0,0.0,0.0,0.724236,0.0,0.0,Marketrealist.com
,George Conway Says Donald Trump Faces 'Grounds for Impeachment' If He Ordered Block on AT&T-Time Warner Deal - Newsweek,2019-03-04T18:14:35Z,0.0,0.0,0.0,0.0,0.705784,0.0,0.0,Newsweek
,Nightstar Stock Is Latest Winner From Gene-Therapy Gold Rush - Barron's,2019-03-04T17:43:53Z,0.0,0.0,0.0,0.0,0.0,0.0,0.0,Barrons.com
,All New Volvo Cars Will be Limited to Just 112 MPH by Next Year - The Drive,2019-03-04T17:36:28Z,0.0,0.0,0.5031180000000001,0.0,0.0,0.0,0.0,Thedrive.com
,Peduto issues executive order on testing self-driving cars in Pittsburgh - Tarentum Valley News Dispatch,2019-03-04T16:20:42Z,0.0,0.0,0.0,0.0,0.0,0.0,0.0,Triblive.com
,Office Depot partners with Alibaba to focus on small to medium-sized businessesâ needs - TechCrunch,2019-03-04T15:58:22Z,0.0,0.0,0.552668,0.0,0.560098,0.0,0.0,TechCrunch
,Fiat Chrysler finance chief Palmer to join board with executive role - Automotive News Europe,2019-03-04T13:31:45Z,0.0,0.0,0.0,0.0,0.560098,0.0,0.0,Autonews.com
,"Autoworker upheaval: Families split, children left behind - WKRN News 2",2019-03-04T09:24:06Z,0.0,0.0,0.0,0.507318,0.0,0.0,0.0,Wkrn.com
,"Rand Paul: Sure, Vaccines Are OK, But We Shouldn't Trade 'Liberty' for 'False Sense of Security' - The Daily Beast",2019-03-05T17:20:00Z,0.0,0.0,0.0,0.0,0.0,0.638987,0.0,Thedailybeast.com
,HIV Eliminated By Bone Marrow Transplant In Cancer Patient : Shots - Health News - NPR,2019-03-05T17:19:00Z,0.0,0.0,0.0,0.532817,0.0,0.0,0.0,Npr.org
,Teen who vaccinated himself says anti-vaxx Mom gets misinformation from Facebook - USA TODAY,2019-03-05T16:34:00Z,0.0,0.0,0.0,0.61661,0.0,0.0,0.0,USA Today
,"Few seniors are getting routine memory checkups, report finds - Honolulu Star-Advertiser",2019-03-05T16:15:00Z,0.0,0.0,0.0,0.5513560000000001,0.8622860000000001,0.579436,0.0,Staradvertiser.com
,'You saved our daughter's life': Child's dentist finds tumor during routine cleaning - KTRK-TV,2019-03-05T15:09:41Z,0.0,0.0,0.0,0.0,0.642915,0.0,0.0,Abc13.com
,"Lead contamination goes far beyond Flint, Michigan - The Verge",2019-03-05T15:00:00Z,0.0,0.0,0.0,0.0,0.724236,0.0,0.0,The Verge
,"Woman claims allergic reaction to vape caused painful rash, required hospital visit - Fox News",2019-03-05T14:44:48Z,0.0,0.0,0.0,0.756812,0.762356,0.0,0.0,Fox News
,Brain clue to 'broken heart' syndrome - BBC News,2019-03-05T12:34:29Z,0.0,0.0,0.0,0.851411,0.0,0.0,0.0,Bbc.com
,"Florida woman gets $48,000 medical bill after kitten bite - WGHP FOX 8 Greensboro",2019-03-05T12:04:00Z,0.0,0.0,0.0,0.0,0.0,0.0,0.0,Myfox8.com
,FDA expands blood pressure medicine recall - WFMJ,2019-03-05T11:29:00Z,0.0,0.8074600000000001,0.0,0.0,0.972852,0.0,0.0,Wfmj.com
,Striking scans show lung cancer patient's tumours SHRINK because of CBD oil - Daily Mail,2019-03-05T11:19:00Z,0.0,0.0,0.0,0.0,0.908301,0.0,0.0,Daily Mail
,So THAT'S Why You Don't Feel Full After Eating Junk Food - HuffPost,2019-03-05T11:01:00Z,0.0,0.0,0.0,0.0,0.9329770000000001,0.0,0.0,Huffpost.com
,Revealed: AmazonSmile helps fund anti-vaccine groups - The Guardian,2019-03-05T11:00:00Z,0.0,0.0,0.0,0.0,0.0,0.0,0.0,The Guardian (AU)
,"An 'expensive lottery ticket': Freezing eggs offers women hope, but not everyone wins - NBCNews.com",2019-03-05T10:04:00Z,0.0,0.0,0.0,0.0,0.0,0.0,0.647986,NBC News
,Alzheimerâs grows sharply in Georgia â and faster than national average - Atlanta Journal Constitution,2019-03-05T10:00:29Z,0.0,0.0,0.0,0.0,0.0,0.0,0.0,Ajc.com
,Arizona Considers Expanding Exemptions For School Vaccines : Shots - Health News - NPR,2019-03-05T10:00:00Z,0.0,0.0,0.0,0.0,0.653099,0.0,0.0,Npr.org
,Suicides and substance abuse-related deaths hit a record high in 2017 - Washington Examiner,2019-03-05T05:01:00Z,0.0,0.0,0.0,0.716204,0.8402280000000001,0.0,0.0,Washingtonexaminer.com
,Utah researchers identify potential treatment for pancreatic cancer - KSL.com,2019-03-05T04:05:08Z,0.0,0.0,0.0,0.618121,0.687768,0.0,0.0,Ksl.com
,Brookfield man with measles charged for breaking in-home quarantine order - WDJT,2019-03-05T02:23:00Z,0.0,0.0,0.0,0.58404,0.0,0.0,0.0,Cbs58.com
,More students test positive for mumps at Temple University - WPVI-TV,2019-03-05T00:42:48Z,0.0,0.0,0.764937,0.0,0.0,0.849827,0.0,6abc.com
,FDA Expected To Approve Esketamine Nasal Spray For Depression - NPR,2019-03-05T00:41:00Z,0.0,0.0,0.0,0.0,0.687768,0.0,0.0,Npr.org
,Is your child an orchid or a dandelion? Unlocking the science of sensitive kids - MPR News,2019-03-05T00:12:54Z,0.0,0.0,0.0,0.0,0.0,0.0,0.9368989999999999,Mprnews.org
,Galveston Co. reports 1st flu-related death of 2019 season - KTRK-TV,2019-03-05T00:00:00Z,0.0,0.0,0.0,0.0,0.0,0.0,0.0,Abc13.com
,âItâs A Major Health Issueâ: Bed Bug Epidemic More Prevalent In Philadelphia Than Most Realize - CBS Philly,2019-03-04T23:52:00Z,0.0,0.0,0.0,0.0,0.0,0.0,0.0,Cbslocal.com
,Chandler News Case of mumps confirmed at Hamilton High School abc15.com staff 4:31 PM - ABC15 Arizona,2019-03-04T23:31:00Z,0.0,0.0,0.0,0.0,0.936566,0.0,0.0,Abc15.com
,"Dogs' raw meat diet could be dangerous to them and owners, study says - CNN",2019-03-04T23:30:00Z,0.0,0.0,0.0,0.0,0.0,0.0,0.6816989999999999,CNN
,"Stroke: How to spot the warning signs, symptoms - KABC-TV",2019-03-04T22:45:29Z,0.0,0.0,0.0,0.576496,0.0,0.0,0.0,Abc7.com
,"Scientists trained an AI to identify lung cancer, and now itâs as smart as a pathologist - BGR",2019-03-04T22:38:00Z,0.0,0.0,0.519038,0.0,0.0,0.0,0.0,Bgr.com
,Doctors Stress Importance Of Knowing Warning Signs Of Stroke - WCCO | CBS Minnesota,2019-03-04T22:27:00Z,0.0,0.6626270000000001,0.0,0.0,0.620279,0.0,0.0,Cbslocal.com
,Experts supporting use of automatic monitors to measure blood pressure - kwwl.com,2019-03-04T22:07:44Z,0.0,0.776479,0.0,0.0,0.905748,0.0,0.0,Kwwl.com
,Six dead from flu this season in Monroe County - 13WHAM-TV,2019-03-04T22:07:00Z,0.0,0.0,0.0,0.0,0.0,0.0,0.0,13wham.com
,One more time with feeling: no link found between measles vax - Cosmos,2019-03-04T22:01:00Z,0.0,0.0,0.0,0.0,0.842108,0.0,0.0,Cosmosmagazine.com
,"Luke Perry's death raises awareness of stroke signs, ways to reduce risk - 13WHAM-TV",2019-03-04T21:52:00Z,0.0,0.0,0.0,0.756196,0.0,0.0,0.0,13wham.com
,"Stroke recovery: Obesity may improve odds of survival, study finds - NBCNews.com",2019-03-04T21:48:52Z,0.0,0.0,0.0,0.0,0.620279,0.0,0.75152,NBC News
,Vermont child dies from the flu - WCAX,2019-03-04T21:47:06Z,0.0,0.0,0.0,0.538941,0.0,0.0,0.0,Wcax.com
,Researchers Using Geisinger MyCode Database to Study Sudden Cardiac Death - WNEP Scranton/Wilkes-Barre,2019-03-04T21:34:00Z,0.0,0.0,0.0,0.0,0.589295,0.0,0.0,Wnep.com
,NHS senior 'very excited' to share vaccine story with Senate - Norwalk Reflector,2019-03-04T21:08:16Z,0.0,0.0,0.8668379999999999,0.0,0.842108,0.8002600000000001,0.0,Norwalkreflector.com
,People in states where marijuana is legal are eating more cookies and ice cream - MarketWatch,2019-03-04T20:20:00Z,0.0,0.0,0.0,0.0,0.0,0.0,0.0,Marketwatch.com
,Officials Encourage Non-Daily PrEP Strategy For Low-Risk People - HivPlusMag.com,2019-03-04T20:04:17Z,0.0,0.0,0.0,0.0,0.0,0.0,0.0,Hivplusmag.com
,"Not even a social media star can make kids eat their veggies, study says - KSL.com",2019-03-04T19:56:13Z,0.0,0.0,0.0,0.0,0.0,0.0,0.615352,Ksl.com
,The unintended benefits of vaccines - MPR News,2019-03-04T19:53:51Z,0.0,0.0,0.0,0.0,0.8018270000000001,0.0,0.0,Mprnews.org
,"Ebola treatment center in Congo reopens after attack, but without Doctors Without Borders - CNN",2019-03-04T19:45:00Z,0.0,0.743038,0.0,0.0,0.0,0.0,0.0,CNN
,"Chemical pollutants in the home degrade fertility in both men and dogs, study finds - Science Daily",2019-03-04T19:36:54Z,0.0,0.0,0.6150359999999999,0.0,0.5625680000000001,0.0,0.0,Sciencedaily.com
,"Zombie deer disease found in over 10% of tested deer, KDWPT says - WIBW",2019-03-04T18:17:09Z,0.0,0.0,0.0,0.0,0.0,0.0,0.0,Wibw.com
,"""Catching up"" on lost sleep may actually do more harm than good - Boing Boing",2019-03-04T17:34:00Z,0.0,0.514937,0.0,0.0,0.0,0.0,0.0,Boingboing.net
,"Child's dentist makes ""life saving"" find during routine cleaning - KOMO News",2019-03-04T17:25:25Z,0.0,0.0,0.0,0.0,0.653099,0.0,0.0,Komonews.com
,Lifestyle Why 'mushroom coffee' is the latest health craze rising in popularity Tory Dunnan 10:21 - ABC15 Arizona,2019-03-04T17:21:00Z,0.0,0.0,0.628297,0.0,0.0,0.0,0.0,Abc15.com
,How do oral bacteria make colorectal cancer more aggressive? - Medical News Today,2019-03-04T17:01:21Z,0.0,0.524057,0.0,0.0,0.0,0.0,0.0,Medical News Today
,Your genes may determine whether or not you have a happy marriage - AOL UK,2019-03-04T16:50:00Z,0.0,0.0,0.810811,0.0,0.0,0.0,0.91961,Aol.co.uk
,UPDATE: Case of tuberculosis confirmed at Gwinnett high school - Atlanta Journal Constitution,2019-03-04T16:07:30Z,0.0,0.0,0.0,0.0,0.8901879999999999,0.0,0.0,Ajc.com
,Superhydrides approach room temperature superconductivity at high pressure - Phys.org,2019-03-04T16:00:48Z,0.0,0.512409,0.0,0.0,0.0,0.0,0.0,Phys.org
,Sleep apnea and snoring linked to Alzheimer's disease: study - New York Post ,2019-03-04T15:10:00Z,0.0,0.0,0.0,0.0,0.620279,0.0,0.0,Nypost.com
,Dialysis providers down premarket on potential new U.S. payment plan - Seeking Alpha,2019-03-04T13:36:00Z,0.0,0.0,0.0,0.0,0.0,0.0,0.0,Seekingalpha.com
,Local vet warns about pets and essential oil diffusers - News 5 Cleveland,2019-03-04T13:04:00Z,0.0,0.0,0.0,0.0,0.0,0.0,0.0,News5cleveland.com
,Long-lived parents produce better quality offspring - Phys.org,2019-03-04T10:23:04Z,0.0,0.0,0.602637,0.0,0.8689819999999999,0.0,0.0,Phys.org
,Big Pharma Gave Money To Patient Advocacy Groups Opposing Medicare Changes - Kaiser Health News,2019-03-04T10:00:00Z,0.0,0.0,0.0,0.0,0.560098,0.0,0.0,Khn.org
,5 animals that have the most extreme sex in the animal kingdom - Business Insider,2019-03-04T09:00:00Z,0.0,0.0,0.0,0.0,0.0,0.0,0.0,Business Insider
,Ebola defence: South Sudan steps up border checks - Aljazeera.com,2019-03-04T07:22:00Z,0.0,0.528238,0.0,0.0,0.687768,0.0,0.0,Al Jazeera English
,Don't ignore heart attack symptoms while traveling - Valley News Live,2019-03-04T06:58:42Z,0.0,0.633158,0.0,0.0,0.0,0.0,0.0,Valleynewslive.com
,New techniques let scientists zero in on individual cells - The Associated Press,2019-03-04T06:22:45Z,0.0,0.0,0.6830609999999999,0.0,0.0,0.0,0.0,Associated Press
,Newly discovered Alzheimer's genes further hope for future treatments - KSL.com,2019-03-04T05:06:41Z,0.0,0.0,0.0,0.0,0.8622860000000001,0.0,0.786991,Ksl.com
,"Jessica Starr's husband opens up about her suicide, eye surgery complications - Fox 2 Detroit",2019-03-04T03:53:00Z,0.0,0.0,0.0,0.705367,0.0,0.0,0.0,Fox2detroit.com
,Why are BAME girls less likely to get the HPV jab? - BBC News,2019-03-04T03:50:05Z,0.0,0.0,0.0,0.580662,0.0,0.0,0.7163010000000001,BBC News
,Plane passenger charges obese man $212 for taking up part of his seat - Traveller,2019-03-04T01:20:17Z,0.0,0.0,0.0,0.0,0.0,0.0,0.0,Traveller.com.au
,"'90210' star Luke Perry dies after a massive stroke: What to know about stroke symptoms, prevention and more - ABC News",2019-03-04T00:52:21Z,0.0,0.0,0.0,0.791573,0.579367,0.0,0.0,ABC News
,Blood pressure medication recall expands again to include losartan - WTHITV.com,2019-03-04T00:39:00Z,0.0,0.831089,0.0,0.0,0.920855,0.0,0.0,Wthitv.com
,"National You can't 'recover' lost sleep on weekends, new study says Newsy 12:29 PM - WCPO",2019-03-03T17:29:00Z,0.0,0.0,0.0,0.0,0.0,0.0,0.0,Wcpo.com
,Nearly 200 immigrants in Texas detention facilities have mumps - KWTX,2019-03-03T17:26:15Z,0.0,0.0,0.0,0.0,0.0,0.0,0.8222309999999999,Kwtx.com
,Measles count climbs to 70 - KIMA CBS 29,2019-03-03T16:39:03Z,0.0,0.0,0.0,0.0,0.506763,0.0,0.0,Kimatv.com
,What One Woman Wishes She'd Known at the Height of Her Eating Disorder - Shape Magazine,2019-03-03T13:00:47Z,0.0,0.5110210000000001,0.0,0.0,0.532616,0.0,0.0,Shape.com
